{
  "locations": {
    "simpleSyntax": {
      "x": 10.0,
      "y": 10.0,
      "z": 0.0,
      "rotation": {
        "storage": {
          "q0": 1.0,
          "q1": 0.0,
          "q2": 0.0,
          "q3": 0.0
        }
      }
    },
    "myCylinder": {
      "x": 94.92846798587826,
      "y": -30.109562092634533,
      "z": 0.0,
      "rotation": {
        "storage": {
          "q0": 1.0,
          "q1": 0.0,
          "q2": 0.0,
          "q3": 0.0
        }
      }
    },
    "pyramid": {
      "x": 3.5189981795381264,
      "y": 20.0,
      "z": 0.0,
      "rotation": {
        "storage": {
          "q0": 1.0,
          "q1": 0.0,
          "q2": 0.0,
          "q3": 0.0
        }
      }
    },
    "hex": {
      "x": 89.52709725151706,
      "y": -40.0,
      "z": 0.0,
      "rotation": {
        "storage": {
          "q0": 1.0,
          "q1": 0.0,
          "q2": 0.0,
          "q3": 0.0
        }
      }
    }
  },
  "bedX": 250.0,
  "bedY": 250.0
}